Anno,Rendimento
2005,0.3750216014140824
2006,0.5351971277677963
2007,8.014641326959747
2008,15.562070399609699
2009,-7.960889927308913
2010,7.157891344660153
2011,13.28263096587314
2012,2.0235617040118856
2013,-7.979264621998425
2014,6.805184958835849
2015,-0.5204406517774772
2016,-1.041918564032416
2017,0.4700699431952527
2018,-1.1599998428187785
2019,6.300463209498694
2020,7.7765144564721025
2021,-5.200894733186785
2022,-16.608654725314
2023,1.2661162944898825
2024,-2.562454434847128